district,gdp_wan,primary_wan,secondary_wan,tertiary_wan,per_capita_yuan,pop_wan,urban_rate_pct
万州区,12235686,1230619,4061179,6903830,79253,153.88,71.50
黔江区,3934587,373269,1176292,2184198,79696,49.39,61.79
涪陵区,17107102,1005627,9841608,6259867,151188,110.01,74.46
渝中区,16915286,0,1062039,15853247,294230,57.35,100.00
大渡口区,5060113,13725,2060888,2986500,114417,44.72,97.88
江北区,19242642,13865,4372693,14856084,202129,95.66,99.50
沙坪坝区,12208660,6051,321690,8929619,98179,149.43,97.24
九龙坡区,20603472,84258,5826555,14694659,133421,154.83,94.33
南岸区,11331605,49595,3937764,7344246,93507,121.37,97.03
北碚区,9255010,347599,9072026,18271684,109488,84.66,88.02
渝北区,27691309,629063,5490190,16876846,121798,228.92,90.20
巴南区,11875705,678778,5490190,5768252,98179,121.52,84.99
长寿区,10784516,1422334,7773894,4747545,158503,67.94,72.40
江津区,14907773,1198848,7372894,5747545,111648,133.60,63.63
合川区,9406375,926691,519780,3837088,77492,120.71,66.27
永川区,11962287,660919,5168778,5837808,104347,114.58,72.84
南川区,5010242,103301,1658074,2682490,90732,55.09,63.70
綦江区,7153818,884163,2391608,3878447,72525,98.59,69.67
大足区,6490138,774673,2605953,3109530,78984,82.29,66.59
璧山区,10398718,457013,5340537,4601168,135656,76.75,73.89
铜梁区,7815000,712047,3944612,3158341,114920,68.01,65.58
潼南区,4729476,987779,1192322,2547369,69572,68.04,62.23
荣昌区,6131424,1068764,2571405,2487316,92865,66.03,63.53
开州区,7214370,968703,2516084,3729590,61033,117.85,53.94
梁平区,5013400,700820,1772052,2539759,79971,62.49,53.48
武隆区,2526042,145324,785304,1428705,72111,34.87,52.45
城口县,758798,140122,176140,442534,38606,19.66,43.59
丰都县,4284129,578822,150481,2203262,78992,54.05,52.49
垫江县,5597379,189864,2297493,2609922,88266,63.14,52.53
忠县,5948095,67236,2484864,2835995,85646,69.12,52.16
云阳县,6362542,759647,2581002,3021893,66972,90.55,56.29
奉节县,4115198,740393,1058083,2319807,56173,73.03,52.88
巫山县,2561578,407391,643799,1510288,60558,45.45,47.33
巫溪县,1553007,288598,34761,1168408,41031,37.67,42.85
石柱县,2902637,404795,793594,1704248,74637,38.96,59.83
秀山县,4472618,365786,1554154,2552678,89767,49.79,50.01
酉阳县,5229830,441430,552986,1535414,42333,59.54,45.13
彭水县,3845942,437970,1302971,2105001,75028,50.93,51.50
